place_id,name,city,address,country,latitude,longitude,rating,reviews,category,source_query,name_clean,category_clean,feature_text,nature,history,culture,adventure,photography,shopping,religious,family,travel_tags,estimated_visit_minutes,recommendation_text,rating_score,popularity_score
ChIJPeVowAaIBDkRnIfuPkskqi0,Hadimba Devi Temple,Manali,"Regency Road, Siyal Rd, Siyal, Manali, Himachal Pradesh 175131, India",India,32.2483526,77.18157269999999,4.6,49688,Tourist attraction,tourist attractions in Manali,hadimba devi temple,tourist attraction,hadimba devi temple tourist attraction,0,1,1,0,0,0,1,0,"history, culture, religious",60,"hadimba devi temple. manali. tourist attraction. history, culture, religious",0.7692307692307687,0.8676648090445256
ChIJDRZ2eeOHBDkRLmyaRD6AZBk,Museum of Himachal Culture & Folk Art,Manali,"Utopia Comlex, Hadimba Temple Rd, near Hadimba Temple, Siyal, Manali, Himachal Pradesh 175131, India",India,32.2462247,77.1805698,4.1,1154,Tourist attraction,tourist attractions in Manali,museum of himachal culture & folk art,tourist attraction,museum of himachal culture & folk art tourist attraction,0,1,1,0,0,0,0,1,"history, culture, family",120,"museum of himachal culture & folk art. manali. tourist attraction. history, culture, family",0.3846153846153842,0.4683880897509431
ChIJHZ3eboyHBDkRBLrRpkcXmO4,Jogini Falls,Manali,"On water fall way V.P.O.-Vashist 5 km.from, Manali, Himachal Pradesh 175103, India",India,32.2750756,77.1881463,4.6,10844,Tourist attraction,tourist attractions in Manali,jogini falls,tourist attraction,jogini falls tourist attraction,1,0,0,0,0,0,0,0,nature,90,jogini falls. manali. tourist attraction. nature,0.7692307692307687,0.7061065794917734
ChIJ3VQyL0WHBDkR4Uml16nJto8,Old Manali snow point,Manali,"65XJ+J2W, Hadimba Temple Path, Old Manali, Manali, Himachal Pradesh 175131, India",India,32.249112,77.180076,4.6,428,Tourist attraction,tourist attractions in Manali,old manali snow point,tourist attraction,old manali snow point tourist attraction,0,0,0,1,0,0,0,0,adventure,60,old manali snow point. manali. tourist attraction. adventure,0.7692307692307687,0.3632641012442656
ChIJk9K3np2HBDkRS4FxsgYCMKI,Nehru Kund,Manali,"Bashisht, Himachal Pradesh 175103, India",India,32.2859822,77.1798238,4.4,7767,Tourist attraction,tourist attractions in Manali,nehru kund,tourist attraction,nehru kund tourist attraction,0,0,0,0,0,0,0,0,,60,nehru kund. manali. tourist attraction. ,0.6153846153846154,0.6706875385007142
ChIJN0RueliHBDkRI0l6mnxMKk8,Mini Switzerland Manali,Manali,"near Nehru park, Siyal, Manali, Himachal Pradesh 175131, India",India,32.2468758,77.1891947,4.6,79,Tourist attraction,tourist attractions in Manali,mini switzerland manali,tourist attraction,mini switzerland manali tourist attraction,0,0,0,0,0,0,0,0,,60,mini switzerland manali. manali. tourist attraction. ,0.7692307692307687,0.18500416493610125
ChIJO_HIPq6JBDkRI2ACToybsFU,Baror Parsha Waterfall,Manali,"Baror, Manali, Himachal Pradesh 175131, India",India,32.206785499999995,77.18490039999999,4.7,489,Tourist attraction,tourist attractions in Manali,baror parsha waterfall,tourist attraction,baror parsha waterfall tourist attraction,1,0,0,0,1,0,0,0,"nature, photography",90,"baror parsha waterfall. manali. tourist attraction. nature, photography",0.846153846153846,0.3773756641978916
ChIJJSBNlWOJBDkRkmyIuy0OvGE,Kullu Manali River rafting,Manali,"65VQ+7MF, Siyal, Manali, Himachal Pradesh 175131, India",India,32.2431872,77.1891761,4.5,88,Tourist attraction,tourist attractions in Manali,kullu manali river rafting,tourist attraction,kullu manali river rafting tourist attraction,1,0,0,1,0,0,0,0,"nature, adventure",150,"kullu manali river rafting. manali. tourist attraction. nature, adventure",0.6923076923076921,0.19632005268654487
ChIJlwfAfe6JBDkR4IPtriR7BQQ,Van Vihar National Park,Manali,"65QQ+JJW, Chichoga Rd, Aleo, Manali, Himachal Pradesh 175131, India",India,32.2391128,77.1890887,4.2,9049,Tourist attraction,tourist attractions in Manali,van vihar national park,tourist attraction,van vihar national park tourist attraction,1,0,0,0,0,0,0,1,"nature, family",60,"van vihar national park. manali. tourist attraction. nature, family",0.4615384615384615,0.6869011121213925
ChIJg4mjPAeIBDkR8FyKz0PhtPw,Manali Bazaar,Manali,"65VQ+HQW, Chandigarh-Mandi, Kullu - Naggar - Manali Rd, Dhungri Village, Manali, Himachal Pradesh 175131, India",India,32.2439913,77.1894415,4.3,3992,Tourist attraction,tourist attractions in Manali,manali bazaar,tourist attraction,manali bazaar tourist attraction,0,0,1,0,0,1,0,0,"culture, shopping",90,"manali bazaar. manali. tourist attraction. culture, shopping",0.5384615384615381,0.6000525001668342
ChIJ_2wTl9-HBDkR93NtZcw3pBg,Mall Road Market Manali,Manali,"The Mall, Siyal, Manali, Himachal Pradesh 175131, India",India,32.244757199999995,77.1896343,4.4,18526,Tourist attraction,tourist attractions in Manali,mall road market manali,tourist attraction,mall road market manali tourist attraction,0,0,1,0,0,1,0,0,"culture, shopping",90,"mall road market manali. manali. tourist attraction. culture, shopping",0.6153846153846154,0.7629488612509898
ChIJeUAhkxpjBDkRhfezKvcFSCE,Sajla Waterfall,Manali,"Sajla Waterfall Sajla, Manali, Himachal Pradesh 175143, India",India,32.1731413,77.2017626,4.7,1091,Tourist attraction,tourist attractions in Manali,sajla waterfall,tourist attraction,sajla waterfall tourist attraction,1,0,0,0,1,0,0,0,"nature, photography",90,"sajla waterfall. manali. tourist attraction. nature, photography",0.846153846153846,0.4624345798931556
ChIJE_838TyJBDkRXDYPhrF-zPU,Manali View Point,Manali,"65MP+GW, Nasogi, Manali, Himachal Pradesh 175131, India",India,32.2338352,77.1873592,4.6,87,Tourist attraction,tourist attractions in Manali,manali view point,tourist attraction,manali view point tourist attraction,0,0,0,0,1,0,0,0,photography,45,manali view point. manali. tourist attraction. photography,0.7692307692307687,0.19512068286526577
ChIJs5Ldg-SHBDkRBRdmxDz62yA,DHUNGRI VAN VIHAR ( Forest Park ),Manali,"Old Manali, Manali, Himachal Pradesh 175131, India",India,32.2484109,77.1805366,4.4,107,Ecological park,tourist attractions in Manali,dhungri van vihar ( forest park ),ecological park,dhungri van vihar ( forest park ) ecological park,1,0,0,0,0,0,0,1,"nature, family",60,"dhungri van vihar ( forest park ). manali. ecological park. nature, family",0.6153846153846154,0.21685819665004274
ChIJoVn1RHV-BDkRGrbXKLpEGXg,Rahala Waterfalls,Manali,"86P9+G8X, Manali - Leh Hwy, Himachal Pradesh 175103, India",India,32.3363624,77.2183648,4.5,797,Tourist attraction,tourist attractions in Manali,rahala waterfalls,tourist attraction,rahala waterfalls tourist attraction,1,0,0,0,1,0,0,0,"nature, photography",90,"rahala waterfalls. manali. tourist attraction. nature, photography",0.6923076923076921,0.4291419943132155
ChIJgWT64uaHBDkR6Uy8Lo9yNlQ,Lama Dugh Trek Start Point,Manali,"65XG+H26, Old Manali, Manali, Himachal Pradesh 175131, India",India,32.2489026,77.1750129,4.6,297,Tourist attraction,tourist attractions in Manali,lama dugh trek start point,tourist attraction,lama dugh trek start point tourist attraction,0,0,0,1,0,0,0,0,adventure,150,lama dugh trek start point. manali. tourist attraction. adventure,0.7692307692307687,0.32458943706460597
ChIJK95YhoCHBDkR2k5IS1YOx18,Atal Bihari statue,Manali,"65WQ+6WM, Siyal, Manali, Himachal Pradesh 175131, India",India,32.2456714,77.18975669999999,4.5,74,Tourist attraction,tourist attractions in Manali,atal bihari statue,tourist attraction,atal bihari statue tourist attraction,0,0,0,0,0,0,0,0,,60,atal bihari statue. manali. tourist attraction. ,0.6923076923076921,0.1781538462445362
ChIJAzQuRJCHBDkR03MbiXBGmwE,"Him Valley Amusement & Cultural Park, Manali",Manali,"75GJ+M72, Manali - Leh Hwy, Bahang, Bashisht, Himachal Pradesh 175103, India",India,32.2766335,77.1806335,4.0,1109,Tourist attraction,tourist attractions in Manali,"him valley amusement & cultural park, manali",tourist attraction,"him valley amusement & cultural park, manali tourist attraction",1,0,0,0,0,0,0,1,"nature, family",60,"him valley amusement & cultural park, manali. manali. tourist attraction. nature, family",0.30769230769230754,0.4641699280800797
ChIJIcrH_LGHBDkRsYQYXrl5yLA,Manali Snow Point,Manali,"75GJ+886, Bahang, Bashisht, Himachal Pradesh 175103, India",India,32.275794999999995,77.18075689999999,4.6,4080,Tourist attraction,tourist attractions in Manali,manali snow point,tourist attraction,manali snow point tourist attraction,0,0,0,1,0,0,0,0,adventure,60,manali snow point. manali. tourist attraction. adventure,0.7692307692307687,0.6023663378368761
ChIJcyjUcUqHBDkRVlvG8vDqw9w,Manali Nature Park,Manali,"752P+VHV, Van Vihar Path, Siyal, Manali, Himachal Pradesh 175131, India",India,32.252246,77.18642539999999,4.6,265,Park,tourist attractions in Manali,manali nature park,park,manali nature park park,1,0,0,0,0,0,0,1,"nature, family",60,"manali nature park. manali. park. nature, family",0.7692307692307687,0.31253188048981295
ChIJa72MxnXBvzsRHHtpszB2g6M,Fort Aguada,Goa,"Fort Aguada Rd, Aguada Fort Area, Candolim, Goa 403515, India",India,15.4922519,73.77374619999999,4.2,111434,Tourist attraction,tourist attractions in Goa,fort aguada,tourist attraction,fort aguada tourist attraction,0,1,1,0,1,0,0,0,"history, culture, photography",120,"fort aguada. goa. tourist attraction. history, culture, photography",0.4615384615384615,0.9533921200918553
ChIJQ4srFBimvzsRJQI7KOdIlP0,Dudhsagar Falls,Goa,"Sonauli, Goa 403410, India",India,15.3144375,74.3143073,4.6,32335,Tourist attraction,tourist attractions in Goa,dudhsagar falls,tourist attraction,dudhsagar falls tourist attraction,1,0,0,0,0,0,0,0,nature,90,dudhsagar falls. goa. tourist attraction. nature,0.7692307692307687,0.8220654764965124
ChIJ2SyWw3XBvzsREmaXkve8H78,Sinquerim Fort,Goa,"FQX8+9HJ, Candolim, Goa, India",India,15.4984662,73.766404,4.5,20206,Tourist attraction,tourist attractions in Goa,sinquerim fort,tourist attraction,sinquerim fort tourist attraction,0,1,1,0,1,0,0,0,"history, culture, photography",120,"sinquerim fort. goa. tourist attraction. history, culture, photography",0.6923076923076921,0.7721620771638517
ChIJVVVVVZUGvzsRsTuQyBI93Ro,Bhagwan Mahavir Wildlife Sanctuary,Goa,"87MQ+H89, Goa 403410, India",India,15.3339015,74.2883536,4.4,3423,Tourist attraction,tourist attractions in Goa,bhagwan mahavir wildlife sanctuary,tourist attraction,bhagwan mahavir wildlife sanctuary tourist attraction,0,0,0,0,0,0,0,0,,60,bhagwan mahavir wildlife sanctuary. goa. tourist attraction. ,0.6153846153846154,0.583734763749784
ChIJ59FcxPu5vzsRa3eXw7AkQaw,Kesarval Spring Verna Waterfall,Goa,"9WJH+WGF, Quelossim, Goa 403722, India",India,15.3823119,73.92880099999999,3.7,2326,Tourist attraction,tourist attractions in Goa,kesarval spring verna waterfall,tourist attraction,kesarval spring verna waterfall tourist attraction,1,0,0,0,1,0,0,0,"nature, photography",90,"kesarval spring verna waterfall. goa. tourist attraction. nature, photography",0.07692307692307697,0.5427391595262372
ChIJgQ9KpXTrvzsRccrngLKJ-bM,"Calangute Beach, Goa",Goa,"Calangute Beach Rd, Umtav Vado, Calangute, Goa 403516, India",India,15.5447206,73.75466899999999,4.3,103884,Tourist attraction,tourist attractions in Goa,"calangute beach, goa",tourist attraction,"calangute beach, goa tourist attraction",1,0,0,0,1,0,0,1,"nature, photography, family",90,"calangute beach, goa. goa. tourist attraction. nature, photography, family",0.5384615384615381,0.9459454446691071
ChIJQeTU91SwvzsR4cJQMV5lu8c,Big Foot Goa,Goa,"Cross Museum, Main Road, Salcete District, Loutolim, Goa 403718, India",India,15.339727,73.9868803,4.1,8994,Tourist attraction,tourist attractions in Goa,big foot goa,tourist attraction,big foot goa tourist attraction,0,0,0,0,0,0,0,0,,60,big foot goa. goa. tourist attraction. ,0.3846153846153842,0.6862540754277755
ChIJy1w3MFFJvjsRW9cTbAchLdw,Cabo de Rama Fort South Goa,Goa,"3WQC+GJ8, Taluka Cabo da Rama, Canacona, Goa 403702, India",India,15.0887849,73.9215933,4.4,17073,Tourist attraction,tourist attractions in Goa,cabo de rama fort south goa,tourist attraction,cabo de rama fort south goa tourist attraction,0,1,1,0,1,0,0,0,"history, culture, photography",120,"cabo de rama fort south goa. goa. tourist attraction. history, culture, photography",0.6153846153846154,0.754279911328999
ChIJ8YcmYFOwvzsRJ_P1iH_ckHE,Ambora Spring,Goa,"8XPQ+PH9, Loutolim, Goa 403718, India",India,15.3367963,73.9889898,4.1,257,Tourist attraction,tourist attractions in Goa,ambora spring,tourist attraction,ambora spring tourist attraction,0,0,0,0,0,0,0,0,,60,ambora spring. goa. tourist attraction. ,0.3846153846153842,0.3092906179608502
ChIJodX_ocdZvjsR3ISyT9zV_zY,Kuske Waterfall,Goa,"26C5+MFM, Cotigao, Goa 403702, India",India,15.021708299999998,74.2086604,4.4,332,Tourist attraction,tourist attractions in Goa,kuske waterfall,tourist attraction,kuske waterfall tourist attraction,1,0,0,0,1,0,0,0,"nature, photography",90,"kuske waterfall. goa. tourist attraction. nature, photography",0.6153846153846154,0.3363765225257552
ChIJ4ayK8NDvvzsR78k8dPh_ryw,Keri Beach,Goa,"PM6R+VQ5, Querim, Goa 403524, India",India,15.7087743,73.6929842,4.6,5070,Tourist attraction,tourist attractions in Goa,keri beach,tourist attraction,keri beach tourist attraction,1,0,0,0,1,0,0,1,"nature, photography, family",90,"keri beach. goa. tourist attraction. nature, photography, family",0.7692307692307687,0.6254201924645871
ChIJaUpI88WzvzsROv5H6OOxJa8,Pandava Caves,Goa,"7XFC+287, Martires Dias Rd, Margao, Goa 403601, India",India,15.2725405,73.9707957,3.8,1596,Tourist attraction,tourist attractions in Goa,pandava caves,tourist attraction,pandava caves tourist attraction,0,0,0,0,0,0,0,0,,60,pandava caves. goa. tourist attraction. ,0.1538461538461536,0.5027812695669774
ChIJM-I9HuivvzsRHy6_zl1BftA,Twin Waterfall,Goa,"926V+M58, Shirshirem, Borim, Goa 403103, India",India,15.3616667,74.0429602,4.0,186,Tourist attraction,tourist attractions in Goa,twin waterfall,tourist attraction,twin waterfall tourist attraction,1,0,0,0,1,0,0,0,"nature, photography",90,"twin waterfall. goa. tourist attraction. nature, photography",0.30769230769230754,0.2751283585290273
ChIJ-5PLmPSzvzsRqBoUBZmqYm4,Goa Chitra Museum,Goa,"H.No. 498, near Auxilium High School, Pulvaddo, Benaulim, Goa 403716, India",India,15.2648991,73.9413364,4.3,3400,Tourist attraction,tourist attractions in Goa,goa chitra museum,tourist attraction,goa chitra museum tourist attraction,0,1,1,0,0,0,0,1,"history, culture, family",120,"goa chitra museum. goa. tourist attraction. history, culture, family",0.5384615384615381,0.5830193643248358
ChIJ56FVYsbpvzsRB6GFWwDiCzc,Chapora Fort,Goa,"Chapora Fort Trail, Vagator, Anjuna, Chapora, Goa 403509, India",India,15.6046375,73.7369631,4.2,27124,Fortress,tourist attractions in Goa,chapora fort,fortress,chapora fort fortress,0,1,1,0,1,0,0,0,"history, culture, photography",120,"chapora fort. goa. fortress. history, culture, photography",0.4615384615384615,0.8034134432572498
ChIJnVBfyvC6vzsRA1Clf2FdZ5E,Chhatrapati Shivaji Maharaj Fort,Goa,"CX6Q+XCX, Donshiwado, Bandoda, Bandiwada, Goa 403401, India",India,15.4125,73.9886111,4.4,1661,Tourist attraction,tourist attractions in Goa,chhatrapati shivaji maharaj fort,tourist attraction,chhatrapati shivaji maharaj fort tourist attraction,0,1,1,0,1,0,0,0,"history, culture, photography",120,"chhatrapati shivaji maharaj fort. goa. tourist attraction. history, culture, photography",0.6153846153846154,0.507015830192948
ChIJh8I8MtOqvzsRWk2SI90FBNg,Salaulim Dam,Goa,"Kurdi, Ugem, Goa 403704, India",India,15.2127043,74.1788677,4.5,4336,Tourist attraction,tourist attractions in Goa,salaulim dam,tourist attraction,salaulim dam tourist attraction,0,0,0,0,0,0,0,0,,60,salaulim dam. goa. tourist attraction. ,0.6923076923076921,0.6088241698393563
ChIJxWknsiAHvzsRJLQ-TAVWxjY,Dudhsagar Trek,Goa,"Road, Mollem, Kolem, Goa 403410, India",India,15.3358363,74.2434258,4.7,16,Tourist attraction,tourist attractions in Goa,dudhsagar trek,tourist attraction,dudhsagar trek tourist attraction,0,0,0,1,0,0,0,0,adventure,150,dudhsagar trek. goa. tourist attraction. adventure,0.846153846153846,0.02060832122213586
ChIJNwkLZhi0vzsRBmJE7qIZZ_Q,Sunset View Point Colva,Goa,"7WF7+WCW, Colva, Goa 403708, India",India,15.2748536,73.91358509999999,4.5,601,Tourist attraction,tourist attractions in Goa,sunset view point colva,tourist attraction,sunset view point colva tourist attraction,0,0,0,0,1,0,0,0,photography,45,sunset view point colva. goa. tourist attraction. photography,0.6923076923076921,0.3992254393361513
ChIJ9Z288fW6vzsRiiAZ44P99zg,"Shri Nageshi Temple,",Goa,"Bandiwade, Donshiwado, Ponda, Bandiwada, Goa 403401, India",India,15.407464,73.9837052,4.8,3033,Tourist attraction,tourist attractions in Goa,"shri nageshi temple,",tourist attraction,"shri nageshi temple, tourist attraction",0,1,1,0,0,0,1,0,"history, culture, religious",60,"shri nageshi temple,. goa. tourist attraction. history, culture, religious",0.9230769230769227,0.5708991358353764
ChIJwbAghgu0bTkRYHt9ATEVgEQ,The City Palace,Jaipur,"Gangori Bazaar, J.D.A. Market, Pink City, Jaipur, Rajasthan 302002, India",India,26.9257943,75.8236714,4.4,59335,Tourist attraction,tourist attractions in Jaipur,the city palace,tourist attraction,the city palace tourist attraction,0,1,1,0,1,0,0,0,"history, culture, photography",120,"the city palace. jaipur. tourist attraction. history, culture, photography",0.6153846153846154,0.8864980577440603
ChIJpQvTG0uxbTkRDLLMHlNdDoY,Hawa Mahal,Jaipur,"Hawa Mahal Rd, Badi Choupad, J.D.A. Market, Pink City, Jaipur, Rajasthan 302002, India",India,26.9240458,75.8267144,4.5,167035,Tourist attraction,tourist attractions in Jaipur,hawa mahal,tourist attraction,hawa mahal tourist attraction,0,0,0,0,0,0,0,0,,60,hawa mahal. jaipur. tourist attraction. ,0.6923076923076921,0.9963554393646401
ChIJx0lfsbGxbTkRgVOhxJ7EGbw,Jaigarh Fort,Jaipur,"Devisinghpura, Amer, Jaipur, Rajasthan 302028, India",India,26.9816052,75.8447917,4.5,32119,Tourist attraction,tourist attractions in Jaipur,jaigarh fort,tourist attraction,jaigarh fort tourist attraction,0,1,1,0,1,0,0,0,"history, culture, photography",120,"jaigarh fort. jaipur. tourist attraction. history, culture, photography",0.6923076923076921,0.8213540766148653
ChIJlXJ26RuxbTkR0qsToxFP05c,Jal Mahal,Jaipur,"Amer, Jaipur, Rajasthan 302002, India",India,26.9534584,75.84612349999999,4.2,40282,Tourist attraction,tourist attractions in Jaipur,jal mahal,tourist attraction,jal mahal tourist attraction,0,0,0,0,0,0,0,0,,60,jal mahal. jaipur. tourist attraction. ,0.4615384615384615,0.8453902510562455
ChIJkzbjKhm3bTkRNiCT5-dA6vU,Sisodia Rani ka Bagh,Jaipur,"VVX5+QF9, Agra Rd, Ghat Ki Guni, Jaipur, Rajasthan 302003, India",India,26.8994218,75.8587309,4.4,6562,Tourist attraction,tourist attractions in Jaipur,sisodia rani ka bagh,tourist attraction,sisodia rani ka bagh tourist attraction,0,0,0,0,0,0,0,0,,60,sisodia rani ka bagh. jaipur. tourist attraction. ,0.6153846153846154,0.6527955358483329
ChIJaXD1f0yxbTkRvquNoSkESuk,Jantar Mantar,Jaipur,"Malve Nagar, J.D.A. Market, Pink City, Jaipur, Rajasthan 302002, India",India,26.924762,75.82455999999999,4.5,43076,Tourist attraction,tourist attractions in Jaipur,jantar mantar,tourist attraction,jantar mantar tourist attraction,0,0,0,0,0,0,0,0,,60,jantar mantar. jaipur. tourist attraction. ,0.6923076923076921,0.852508172117852
ChIJ-w3Sy1qwbTkRK34UR2ffIWI,Amber Palace,Jaipur,"Devisinghpura, Amer, Jaipur, Rajasthan 302001, India",India,26.9854865,75.8513454,4.6,172870,Tourist attraction,tourist attractions in Jaipur,amber palace,tourist attraction,amber palace tourist attraction,0,1,1,0,1,0,0,0,"history, culture, photography",120,"amber palace. jaipur. tourist attraction. history, culture, photography",0.7692307692307687,1.0
ChIJ34tpDCK0bTkRQcEb5xYz9Po,Amar Jawan Jyoti,Jaipur,"VQWX+6XW, Jan Path, Jaipur Nagar Nigam, Lalkothi, Jaipur, Rajasthan 302015, India",India,26.8956032,75.7999567,4.7,11722,Tourist attraction,tourist attractions in Jaipur,amar jawan jyoti,tourist attraction,amar jawan jyoti tourist attraction,0,0,0,0,0,0,0,0,,60,amar jawan jyoti. jaipur. tourist attraction. ,0.846153846153846,0.714369669069753
ChIJXyn5OrC2bTkRaGk8EzNDuwU,Albert Hall Museum,Jaipur,"Ram Niwas Garden, Ashok Nagar, Jaipur, Rajasthan 302004, India",India,26.9115849,75.819412,4.5,73148,Museum,tourist attractions in Jaipur,albert hall museum,museum,albert hall museum museum,0,1,1,0,0,0,0,1,"history, culture, family",120,"albert hall museum. jaipur. museum. history, culture, family",0.6923076923076921,0.9087119247516718
ChIJw1BujlyxbTkRlufvmwfJwO4,Jaipur Wax Museum Nahargarh Fort,Jaipur,"Nahargarh Fort Amer Road Near Jal Mahal, Jaipur, Rajasthan 302001, India",India,26.9391796,75.81627449999999,4.3,3091,Tourist attraction,tourist attractions in Jaipur,jaipur wax museum nahargarh fort,tourist attraction,jaipur wax museum nahargarh fort tourist attraction,0,1,1,0,1,0,0,1,"history, culture, photography, family",120,"jaipur wax museum nahargarh fort. jaipur. tourist attraction. history, culture, photography, family",0.5384615384615381,0.5729090880880564
ChIJ0fNH81yxbTkRi56uF-amqgo,Nahargarh Fort,Jaipur,"Krishna Nagar, Brahampuri, Jaipur, Rajasthan 302001, India",India,26.9401659,75.8170373,4.5,78755,Castle,tourist attractions in Jaipur,nahargarh fort,castle,nahargarh fort castle,0,1,1,0,1,0,0,0,"history, culture, photography",120,"nahargarh fort. jaipur. castle. history, culture, photography",0.6923076923076921,0.9165512304288131
ChIJI0QOpK22bTkRh97plqjaGLQ,Ajmeri Gate,Jaipur,"99, Nehru Bazar Rd, Jayanti Market, Modikhana, Jaipur, Rajasthan 302003, India",India,26.917647,75.81665679999999,4.4,15102,Tourist attraction,tourist attractions in Jaipur,ajmeri gate,tourist attraction,ajmeri gate tourist attraction,0,0,0,0,0,0,0,0,,60,ajmeri gate. jaipur. tourist attraction. ,0.6153846153846154,0.7412600336781152
ChIJ94NTG7WxbTkRcBL55cQFS98,Panna Meena ka Kund,Jaipur,"XVR2+FFQ, Amer, Rajasthan 302028, India",India,26.9912058,75.8512432,4.4,6546,Historical place,tourist attractions in Jaipur,panna meena ka kund,historical place,panna meena ka kund historical place,0,1,0,0,0,0,0,0,history,60,panna meena ka kund. jaipur. historical place. history,0.6153846153846154,0.6525364526385135
ChIJseuwKkmxbTkRBW83y7v7Hto,Jai Niwas Garden,Jaipur,"B-91, Rajamal Ka Talab Rd, Gangori Bazaar, J.D.A. Market, Kanwar Nagar, Jaipur, Rajasthan 302002, India",India,26.93,75.8247222,4.4,26478,Tourist attraction,tourist attractions in Jaipur,jai niwas garden,tourist attraction,jai niwas garden tourist attraction,1,0,0,0,1,0,0,1,"nature, photography, family",60,"jai niwas garden. jaipur. tourist attraction. nature, photography, family",0.6153846153846154,0.8008549863404945
ChIJcXc6vH2xbTkRbcIu9i9aSk8,"Sheesh Mahal, Amber Fort",Jaipur,"JAIGARH FORT, Devisinghpura, Amer, Jaipur, Rajasthan 302028, India",India,26.9857093,75.8506434,4.6,6301,Tourist attraction,tourist attractions in Jaipur,"sheesh mahal, amber fort",tourist attraction,"sheesh mahal, amber fort tourist attraction",0,1,1,0,1,0,0,0,"history, culture, photography",120,"sheesh mahal, amber fort. jaipur. tourist attraction. history, culture, photography",0.7692307692307687,0.6484881668984112
ChIJtdjhZ3-2bTkRDCTGdHdTRmo,Jaldhara,Jaipur,"VR95+X67, Jawahar Lal Nehru Marg, Near Shiksha Sankul Gate, Mahesh Nagar Phatak, Bajaj Nagar, Jaipur, Rajasthan 302015, India",India,26.8699171,75.80805529999999,4.1,7495,Tourist attraction,tourist attractions in Jaipur,jaldhara,tourist attraction,jaldhara tourist attraction,0,0,0,0,0,0,0,0,,60,jaldhara. jaipur. tourist attraction. ,0.3846153846153842,0.6669042602454739
ChIJxUfgi0GxbTkR5Vqeib76O00,Gaitor Ki Chhatriyan,Jaipur,"309B, Mangala Rd, Bada Akhada, Krishna Nagar, Brahampuri, Jaipur, Rajasthan 302002, India",India,26.9430691,75.8246528,4.6,6235,Tourist attraction,tourist attractions in Jaipur,gaitor ki chhatriyan,tourist attraction,gaitor ki chhatriyan tourist attraction,0,0,0,0,0,0,0,0,,60,gaitor ki chhatriyan. jaipur. tourist attraction. ,0.7692307692307687,0.6473706825634918
ChIJlUU0la22bTkRYjOPfx2lY9E,Jaipur Zoo,Jaipur,"Museum Rd, Ram Niwas Garden, Kailash Puri, Bagh, Jaipur, Rajasthan 302004, India",India,26.9123097,75.8211759,3.6,11172,Tourist attraction,tourist attractions in Jaipur,jaipur zoo,tourist attraction,jaipur zoo tourist attraction,0,0,0,0,0,0,0,1,family,60,jaipur zoo. jaipur. tourist attraction. family,0.0,0.7092692202797971
ChIJV9GWIae2bTkR3tu5UFSOwk0,Central Park,Jaipur,"Prithviraj Rd, Rambagh, Jaipur, Rajasthan 302007, India",India,26.9049037,75.8087219,4.6,25012,Park,tourist attractions in Jaipur,central park,park,central park park,1,0,0,0,0,0,0,1,"nature, family",60,"central park. jaipur. park. nature, family",0.7692307692307687,0.7948094706206488
ChIJo96WLvOxbTkRnw9yG5lDKHE,Mouj Mahal,Jaipur,"The Paradise Of Fun, Amer Rd, opposite Baharampuri Thana, Agrasen Nagar, Govind Nagar East, Govind Nagar, Jaipur, Rajasthan 302002, India",India,26.9401498,75.8380304,4.5,9167,Museum,tourist attractions in Jaipur,mouj mahal,museum,mouj mahal museum,0,1,1,0,0,0,0,1,"history, culture, family",120,"mouj mahal. jaipur. museum. history, culture, family",0.6923076923076921,0.6882761325336875
ChIJd9K3fdflZzkRQeScJCCgYZ0,Saheliyon ki bari,Udaipur,"Panchwati, Udaipur, Rajasthan 313001, India",India,24.6030064,73.6854901,4.4,24145,Tourist attraction,tourist attractions in Udaipur,saheliyon ki bari,tourist attraction,saheliyon ki bari tourist attraction,0,0,0,0,0,0,0,0,,60,saheliyon ki bari. udaipur. tourist attraction. ,0.6153846153846154,0.7910650652853286
ChIJ1adZBmTlZzkRDqvq-navV5I,City Palace,Udaipur,"Old City, Udaipur, Rajasthan 313001, India",India,24.5764421,73.6835109,4.5,106511,Castle,tourist attractions in Udaipur,city palace,castle,city palace castle,0,1,1,0,1,0,0,0,"history, culture, photography",120,"city palace. udaipur. castle. history, culture, photography",0.6923076923076921,0.948596170817299
ChIJf1CpH2flZzkRmiCtzPDYk4A,Ambrai Ghat,Udaipur,"Chandpole Maji, Ka Mandir corner of Lake, Cheerwa, Pichola, Udaipur, Rajasthan 313004, India",India,24.5775547,73.67990209999999,4.7,12713,Tourist attraction,tourist attractions in Udaipur,ambrai ghat,tourist attraction,ambrai ghat tourist attraction,0,0,0,0,0,0,0,0,,60,ambrai ghat. udaipur. tourist attraction. ,0.846153846153846,0.7229832903560233
ChIJw7A_ucr6ZzkRJTV3E4HVc4A,Monsoon Palace,Udaipur,"Udaipur, Kodiyat, Rajasthan 313031, India",India,24.5931853,73.6396056,4.4,34718,Tourist attraction,tourist attractions in Udaipur,monsoon palace,tourist attraction,monsoon palace tourist attraction,0,1,1,0,1,0,0,0,"history, culture, photography",120,"monsoon palace. udaipur. tourist attraction. history, culture, photography",0.6153846153846154,0.8296128799906115
ChIJ44SA0mXlZzkROFPFp4ABD_A,Jagdish Temple,Udaipur,"Old City, Udaipur, Rajasthan 313001, India",India,24.5796536,73.6836153,4.7,20321,Tourist attraction,tourist attractions in Udaipur,jagdish temple,tourist attraction,jagdish temple tourist attraction,0,1,1,0,0,0,1,0,"history, culture, religious",60,"jagdish temple. udaipur. tourist attraction. history, culture, religious",0.846153846153846,0.77276443543763
ChIJVVVVpInvZzkRmJ56hj8YKbM,मंशापूर्ण करनी माता रोपवे उदयपुर,Udaipur,"Deen Dayal Park, Doodh Talai, Rajasthan 313001, India",India,24.5661871,73.68504329999999,4.4,7983,Tourist attraction,tourist attractions in Udaipur,मंशापूर्ण करनी माता रोपवे उदयपुर,tourist attraction,मंशापूर्ण करनी माता रोपवे उदयपुर tourist attraction,0,0,0,0,0,0,0,0,,60,मंशापूर्ण करनी माता रोपवे उदयपुर. udaipur. tourist attraction. ,0.6153846153846154,0.6735987049222351
ChIJrcKVaGblZzkRcbYG7-BwGCM,Gangaur Ghat,Udaipur,"4, opp. Jethiyo ka Akhada, Outside Chandpole, Pichola, Udaipur, Rajasthan 313004, India",India,24.5799237,73.68192549999999,4.6,14269,Tourist attraction,tourist attractions in Udaipur,gangaur ghat,tourist attraction,gangaur ghat tourist attraction,0,0,0,0,0,0,0,0,,60,gangaur ghat. udaipur. tourist attraction. ,0.7692307692307687,0.7352381144391767
ChIJwU6-XCLlZzkRF9tOLAfJoHI,"Pichola Lake, Udaipur",Udaipur,"HMCM+Q98, Pichola, Udaipur, Rajasthan 313004, India",India,24.5719197,73.6834587,4.7,3076,Tourist attraction,tourist attractions in Udaipur,"pichola lake, udaipur",tourist attraction,"pichola lake, udaipur tourist attraction",1,0,0,0,1,0,0,0,"nature, photography",90,"pichola lake, udaipur. udaipur. tourist attraction. nature, photography",0.846153846153846,0.5723929105438557
ChIJb3_IUhblZzkRxtp1j-2xkwY,"Under The Sun Aquarium, Udaipur",Udaipur,"Fateh Sagar Overflow, Fateh Sagar Lake, Udaipur, Rajasthan 313004, India",India,24.6025393,73.6794937,4.2,14593,Tourist attraction,tourist attractions in Udaipur,"under the sun aquarium, udaipur",tourist attraction,"under the sun aquarium, udaipur tourist attraction",0,0,0,0,0,0,0,1,family,60,"under the sun aquarium, udaipur. udaipur. tourist attraction. family",0.4615384615384615,0.7376211388896169
ChIJA_ZPmxzlZzkRDSB9_ReyOfM,Bagore Ki Haveli,Udaipur,"HMHJ+WV5, Old City, Pichola, Udaipur, Rajasthan 313004, India",India,24.5797664,73.6822359,4.5,5599,Museum,tourist attractions in Udaipur,bagore ki haveli,museum,bagore ki haveli museum,0,1,1,0,0,0,0,1,"history, culture, family",120,"bagore ki haveli. udaipur. museum. history, culture, family",0.6923076923076921,0.6359526195125319
ChIJr6IAXX3lZzkRkodtOT4hvH0,Navlakha Mahal (Satyarth Prakash Nyas),Udaipur,"Satyarth Prakash Nyas, Navlakha Mahal, Gulab Bagh Rd, Udaipur, Rajasthan 313001, India",India,24.5728155,73.6925981,4.9,9892,Tourist attraction,tourist attractions in Udaipur,navlakha mahal (satyarth prakash nyas),tourist attraction,navlakha mahal (satyarth prakash nyas) tourist attraction,0,0,0,0,0,0,0,0,,60,navlakha mahal (satyarth prakash nyas). udaipur. tourist attraction. ,1.0,0.6963545009096836
ChIJA0QIZRTlZzkRf1DXVuwRPi0,Sunset Point Park Udaipur,Udaipur,"Zinc Park, Udaipur, Rajasthan 313004, India",India,24.5971393,73.6821676,4.6,2246,Tourist attraction,tourist attractions in Udaipur,sunset point park udaipur,tourist attraction,sunset point park udaipur tourist attraction,1,0,0,0,1,0,0,1,"nature, photography, family",60,"sunset point park udaipur. udaipur. tourist attraction. nature, photography, family",0.7692307692307687,0.5390258608791955
ChIJU11SpUvlZzkRlSL_l4aYtWw,Wax Museum Udaipur,Udaipur,"mishra marg, 10 Gogunda House Daitya, Moti Magri Rd, Udaipur, Rajasthan 313004, India",India,24.5953732,73.6872296,4.7,47100,Tourist attraction,tourist attractions in Udaipur,wax museum udaipur,tourist attraction,wax museum udaipur tourist attraction,0,1,1,0,0,0,0,1,"history, culture, family",120,"wax museum udaipur. udaipur. tourist attraction. history, culture, family",0.846153846153846,0.8619872837958336
ChIJgRDioeTlZzkRmoS_JCrpb2w,Nehru Garden,Udaipur,"FatehSagar Lake Udaipur, Vasupujy Complex, 5, Mewar Motor Link Rd, Udaipur, Rajasthan 313004, India",India,24.5962878,73.6734232,4.2,1892,Park,tourist attractions in Udaipur,nehru garden,park,nehru garden park,1,0,0,0,1,0,0,1,"nature, photography, family",60,"nehru garden. udaipur. park. nature, photography, family",0.4615384615384615,0.5208294180063883
ChIJC0s5m2XlZzkRMR0TQa0FcdU,Ghantaghar,Udaipur,"HMMP+VFQ, Clock tower, Moti Chohatta, Bohrwadi, Udaipur, Rajasthan 313001, India",India,24.5818372,73.685571,4.3,2705,Tourist attraction,tourist attractions in Udaipur,ghantaghar,tourist attraction,ghantaghar tourist attraction,0,0,0,0,0,0,0,0,,60,ghantaghar. udaipur. tourist attraction. ,0.5384615384615381,0.5587552665094775
ChIJEXy280DlZzkRxE_fvZeX1ik,Lake Garden,Udaipur,"HMRF+56P, Rani Rd, Ambamata, Udaipur, Rajasthan 313004, India",India,24.5904747,73.6730845,4.4,79,Tourist attraction,tourist attractions in Udaipur,lake garden,tourist attraction,lake garden tourist attraction,1,0,0,0,1,0,0,1,"nature, photography, family",90,"lake garden. udaipur. tourist attraction. nature, photography, family",0.6153846153846154,0.18500416493610125
ChIJF4GmAanlZzkRdw0czzbnWSI,Statue of Maharana Pratap,Udaipur,"JMFC+WP, Shilpgram, Udaipur, Hawala Khurd, Rajasthan 341316, India",India,24.6248369,73.6717666,4.6,65,Tourist attraction,tourist attractions in Udaipur,statue of maharana pratap,tourist attraction,statue of maharana pratap tourist attraction,0,0,0,0,0,0,0,0,,60,statue of maharana pratap. udaipur. tourist attraction. ,0.7692307692307687,0.1645852159315903
ChIJfWA_TYjvZzkRYqY6NhGQtv4,Manik Lal Verma Park,Udaipur,"HM9P+H8M, Pichola, Udaipur, Rajasthan 313001, India",India,24.5689743,73.6858111,4.2,1013,Park,tourist attractions in Udaipur,manik lal verma park,park,manik lal verma park park,1,0,0,0,0,0,0,1,"nature, family",60,"manik lal verma park. udaipur. park. nature, family",0.4615384615384615,0.45456853000712727
ChIJkX9fAYbvZzkRxMv23127Wz0,"Karni Mata Mandir, Udaipur",Udaipur,"HM8Q+9M8, Jawahar Nagar, Pichola, Udaipur, Rajasthan 313001, India",India,24.5659232,73.68919559999999,4.6,9607,Tourist attraction,tourist attractions in Udaipur,"karni mata mandir, udaipur",tourist attraction,"karni mata mandir, udaipur tourist attraction",0,0,0,0,0,0,0,0,,60,"karni mata mandir, udaipur. udaipur. tourist attraction. ",0.7692307692307687,0.693251794642714
ChIJzek8RKblZzkRmpRYEEuWSPk,Lal Ghat,Udaipur,"Lal Ghat Road, behind Jagdish Mandir, near city palace, Old City, Udaipur, Rajasthan 313004, India",India,24.5789192,73.6822035,4.5,170,Tourist attraction,tourist attractions in Udaipur,lal ghat,tourist attraction,lal ghat tourist attraction,0,0,0,0,0,0,0,0,,60,lal ghat. udaipur. tourist attraction. ,0.6923076923076921,0.26563438255937544
ChIJJ6F4g8Y9CTkRywQ8V2Rjtls,Triveni Ghat,Rishikesh,"Mayakund, Rishikesh, Uttarakhand 249201, India",India,30.1037344,78.2993218,4.6,62365,Tourist attraction,tourist attractions in Rishikesh,triveni ghat,tourist attraction,triveni ghat tourist attraction,0,0,0,0,0,0,0,0,,60,triveni ghat. rishikesh. tourist attraction. ,0.7692307692307687,0.8917844140637825
ChIJD67PWKUXCTkRtJ0ZK5pSnDY,Ram Jhula,Rishikesh,"Swarg Ashram, Rishikesh, Uttarakhand 249192, India",India,30.1239532,78.3141266,4.6,34171,Tourist attraction,tourist attractions in Rishikesh,ram jhula,tourist attraction,ram jhula tourist attraction,0,0,0,0,0,0,0,0,,60,ram jhula. rishikesh. tourist attraction. ,0.7692307692307687,0.8279272753170387
ChIJN065thUWCTkRrpCI3XVLzsQ,Parmarth Niketan Ashram,Rishikesh,"Main Market Road, near Ram Jhula, Swarg Ashram, Rishikesh, Uttarakhand 249304, India",India,30.1188273,78.3131567,4.6,23521,Tourist attraction,tourist attractions in Rishikesh,parmarth niketan ashram,tourist attraction,parmarth niketan ashram tourist attraction,0,0,0,0,0,0,0,0,,60,parmarth niketan ashram. rishikesh. tourist attraction. ,0.7692307692307687,0.7882859649255172
ChIJN3ZNyEIXCTkR-u__UonVaI8,Lakshman Jhula,Rishikesh,"Laxman Jhula, Rishikesh, Jonk, Uttarakhand 249302, India",India,30.1263355,78.3299651,4.4,6185,Tourist attraction,tourist attractions in Rishikesh,lakshman jhula,tourist attraction,lakshman jhula tourist attraction,0,0,0,0,0,0,0,0,,60,lakshman jhula. rishikesh. tourist attraction. ,0.6153846153846154,0.6465162012154227
ChIJy364v08WCTkRORHmPb-h-ek,Rishikesh Trip.,Rishikesh,"NH 58 Badrinath road, Aamkhala, Tapovan, Rishikesh, Uttarakhand 249192, India",India,30.1315815,78.3272592,4.5,124,Tourist attraction,tourist attractions in Rishikesh,rishikesh trip.,tourist attraction,rishikesh trip. tourist attraction,0,0,0,0,0,0,0,0,,60,rishikesh trip.. rishikesh. tourist attraction. ,0.6923076923076921,0.23237446142032192
ChIJQykg3GsWCTkRFw-KvV1C_lQ,HimShail WaterFall,Rishikesh,"488C+CGC, HimShail WaterFall, Yoga Villa Rd, Swarg Ashram, Rishikesh, Uttarakhand 249304, India",India,30.116059,78.32126769999999,4.1,502,Tourist attraction,tourist attractions in Rishikesh,himshail waterfall,tourist attraction,himshail waterfall tourist attraction,1,0,0,0,1,0,0,0,"nature, photography",90,"himshail waterfall. rishikesh. tourist attraction. nature, photography",0.3846153846153842,0.38015499780862083
ChIJB0OW0DMXCTkRaBZiNfzb5W0,Tapovan Public Ghat,Rishikesh,"212, Laxman Jhula Rd, Tapovan, Rishikesh, Uttarakhand 249192, India",India,30.1280493,78.3299339,4.7,327,Tourist attraction,tourist attractions in Rishikesh,tapovan public ghat,tourist attraction,tapovan public ghat tourist attraction,0,0,0,0,0,0,0,0,,60,tapovan public ghat. rishikesh. tourist attraction. ,0.846153846153846,0.33477069613626154
ChIJlWHbFgsXCTkRi0rSY-Ooo08,Rishikesh - The City Of Love,Rishikesh,"Triveni Ghat, Mayakund, Rishikesh, Uttarakhand 249201, India",India,30.1031293,78.29833479999999,4.6,47,Tourist attraction,tourist attractions in Rishikesh,rishikesh - the city of love,tourist attraction,rishikesh - the city of love tourist attraction,0,0,0,0,0,0,0,0,,60,rishikesh - the city of love. rishikesh. tourist attraction. ,0.7692307692307687,0.13078354976031567
ChIJMVVVlQc-CTkRsIy-lAZ0Vhw,Rishikesh River Rafting,Rishikesh,"1002, Avas Vikas Colony, Rishikesh, Uttarakhand 249201, India",India,30.0908226,78.2878279,4.5,2063,Tourist attraction,tourist attractions in Rishikesh,rishikesh river rafting,tourist attraction,rishikesh river rafting tourist attraction,1,0,0,1,0,0,0,0,"nature, adventure",150,"rishikesh river rafting. rishikesh. tourist attraction. nature, adventure",0.6923076923076921,0.530008989096467
ChIJWeSurhcWCTkRDfJrLbYNnC0,Purnanand Ghat,Rishikesh,"Muni Ki Reti, Rishikesh, Uttarakhand 249137, India",India,30.1163125,78.3070625,4.4,91,Tourist attraction,tourist attractions in Rishikesh,purnanand ghat,tourist attraction,purnanand ghat tourist attraction,0,0,0,0,0,0,0,0,,60,purnanand ghat. rishikesh. tourist attraction. ,0.6153846153846154,0.19983893073715145
ChIJfXt5TbUXCTkR8ZX-sG47z_U,Pebble's Beach,Rishikesh,"48FH+R33, Tapovan, Rishikesh, Uttarakhand 249192, India",India,30.1245204,78.3276825,4.5,100,Tourist attraction,tourist attractions in Rishikesh,pebble's beach,tourist attraction,pebble's beach tourist attraction,1,0,0,0,1,0,0,1,"nature, photography, family",90,"pebble's beach. rishikesh. tourist attraction. nature, photography, family",0.6923076923076921,0.2097454721392361
ChIJoYDQkXMXCTkR6eqzCYd3m2A,Rishikesh Ganga Arti Purnanand Ghat Janki Jhula,Rishikesh,"4894+5JV, Muni Ki Reti, Rishikesh, Uttarakhand 249137, India",India,30.118155,78.30732499999999,4.9,498,Tourist attraction,tourist attractions in Rishikesh,rishikesh ganga arti purnanand ghat janki jhula,tourist attraction,rishikesh ganga arti purnanand ghat janki jhula tourist attraction,0,0,0,0,0,0,0,0,,60,rishikesh ganga arti purnanand ghat janki jhula. rishikesh. tourist attraction. ,1.0,0.3793075434080796
ChIJO4--XUQXCTkRdSlHvg_-vhs,The Secret Waterfall Rishikesh - DhaulSrot ( Brahmsutras Yog Village ),Rishikesh,"kunja puri trek By Pass road village dhaulSrot, Tapovan, Rishikesh, Uttarakhand 249192, India",India,30.1488131,78.3149825,4.5,2815,Tourist attraction,tourist attractions in Rishikesh,the secret waterfall rishikesh - dhaulsrot ( brahmsutras yog village ),tourist attraction,the secret waterfall rishikesh - dhaulsrot ( brahmsutras yog village ) tourist attraction,1,0,0,0,1,0,0,0,"nature, photography",90,"the secret waterfall rishikesh - dhaulsrot ( brahmsutras yog village ). rishikesh. tourist attraction. nature, photography",0.6923076923076921,0.5629846347579602
ChIJB3gh2AQWCTkR9VfwcWZfFW0,Shri Bharat Mandir,Rishikesh,"9, Ghat Rd, Mayakund, Rishikesh, Uttarakhand 249201, India",India,30.1059278,78.3019621,4.6,1061,Tourist attraction,tourist attractions in Rishikesh,shri bharat mandir,tourist attraction,shri bharat mandir tourist attraction,0,0,0,0,0,0,0,0,,60,shri bharat mandir. rishikesh. tourist attraction. ,0.7692307692307687,0.459477756390569
ChIJP-4kT-wWCTkRLlcAqwGYsrs,Patna Waterfall,Rishikesh,"49F3+QQ6, Neelkanth Bridge Rd, Patna, Uttarakhand 249302, India",India,30.1244001,78.3543983,4.4,3762,Tourist attraction,tourist attractions in Rishikesh,patna waterfall,tourist attraction,patna waterfall tourist attraction,1,0,0,0,1,0,0,0,"nature, photography",90,"patna waterfall. rishikesh. tourist attraction. nature, photography",0.6153846153846154,0.5937554210356225
ChIJMSzk8JQWCTkRFPP9fWvWRQM,Garud Chatti Waterfall,Rishikesh,"49F3+QR9, Patna, Uttarakhand 249302, India",India,30.1244099,78.35459809999999,4.4,865,Tourist attraction,tourist attractions in Rishikesh,garud chatti waterfall,tourist attraction,garud chatti waterfall tourist attraction,1,0,0,0,1,0,0,0,"nature, photography",90,"garud chatti waterfall. rishikesh. tourist attraction. nature, photography",0.6153846153846154,0.4378219854668389
ChIJh8-OrCsXCTkRnl1EyIpnukk,Goa Beach Rishikesh,Rishikesh,"48MM+5PH, near District magistrate camp office, Rishikesh, Jonk, Uttarakhand 249302, India",India,30.1329473,78.3343505,4.5,2359,Tourist attraction,tourist attractions in Rishikesh,goa beach rishikesh,tourist attraction,goa beach rishikesh tourist attraction,1,0,0,0,1,0,0,1,"nature, photography, family",90,"goa beach rishikesh. rishikesh. tourist attraction. nature, photography, family",0.6923076923076921,0.54423383850003
ChIJ8xrKBbQXCTkR5v2mWJAtjQE,Nilkanth waterfalls,Rishikesh,"4839+367, Rishikesh, Uttarakhand 249304, India",India,30.1026502,78.3180349,4.3,426,Tourist attraction,tourist attractions in Rishikesh,nilkanth waterfalls,tourist attraction,nilkanth waterfalls tourist attraction,1,0,0,0,1,0,0,0,"nature, photography",90,"nilkanth waterfalls. rishikesh. tourist attraction. nature, photography",0.5384615384615381,0.3627681045481493
ChIJIT1lI1YXCTkRrH0xLi6KQAM,Rishikesh family beach,Rishikesh,"48MJ+888, Tapovan, Rishikesh, Uttarakhand 249192, India",India,30.1332187,78.3313986,4.5,97,Tourist attraction,tourist attractions in Rishikesh,rishikesh family beach,tourist attraction,rishikesh family beach tourist attraction,1,0,0,0,1,0,0,1,"nature, photography, family",90,"rishikesh family beach. rishikesh. tourist attraction. nature, photography, family",0.6923076923076921,0.2065449351987036
ChIJC79trUIWCTkR-BppIZRZ9IA,Rishikesh View Point,Rishikesh,"Unnamed Road, Lakshman Jhula, Laxman Jhula, Rishikesh, Uttarakhand 249302, India",India,30.1212342,78.3271974,4.6,864,Tourist attraction,tourist attractions in Rishikesh,rishikesh view point,tourist attraction,rishikesh view point tourist attraction,0,0,0,0,1,0,0,0,photography,45,rishikesh view point. rishikesh. tourist attraction. photography,0.7692307692307687,0.43769934755623063
ChIJVVSvT6h5BTkRisydVcRUBdk,Chadwick Falls,Shimla,"Shimla, Himachal Pradesh 171005, India",India,31.1201549,77.1416187,3.6,2276,Tourist attraction,tourist attractions in Shimla,chadwick falls,tourist attraction,chadwick falls tourist attraction,1,0,0,0,0,0,0,0,nature,90,chadwick falls. shimla. tourist attraction. nature,0.0,0.54043361493377
ChIJ1dJgWZZ4BTkR0oAnYvrfUJ4,Jakhu Ropeway Shimla,Shimla,"The Ridge, Ridge To US Club, Bemloi, Shimla, Himachal Pradesh 171001, India",India,31.102249,77.1794275,4.4,5216,Tourist attraction,tourist attractions in Shimla,jakhu ropeway shimla,tourist attraction,jakhu ropeway shimla tourist attraction,0,0,0,0,0,0,0,0,,60,jakhu ropeway shimla. shimla. tourist attraction. ,0.6153846153846154,0.6284330099258006
ChIJN7eajZN4BTkRTnLSm2F-XJQ,Hawa Ghar,Shimla,"453G+V6M, Ridge, The Mall, Shimla, Himachal Pradesh 171001, India",India,31.1047034,77.1755591,4.5,632,Tourist attraction,tourist attractions in Shimla,hawa ghar,tourist attraction,hawa ghar tourist attraction,0,0,0,0,0,0,0,0,,60,hawa ghar. shimla. tourist attraction. ,0.6923076923076921,0.40455520034882053
ChIJy-jJfiZ5BTkRsfuPy8a0-e8,"Ridge, Shimla",Shimla,"Ridge, The Mall, Shimla, Himachal Pradesh 171001, India",India,31.1048001,77.1746678,4.6,16195,Tourist attraction,tourist attractions in Shimla,"ridge, shimla",tourist attraction,"ridge, shimla tourist attraction",0,0,0,0,0,0,0,0,,60,"ridge, shimla. shimla. tourist attraction. ",0.7692307692307687,0.7486763474414547
ChIJQche0fJ5BTkRdb5RytJjPfc,Marina Waterfall,Shimla,"35XG+5R9, Mall Rd, Bemloi, Shimla, Himachal Pradesh 171001, India",India,31.0979127,77.1771121,4.2,344,Tourist attraction,tourist attractions in Shimla,marina waterfall,tourist attraction,marina waterfall tourist attraction,1,0,0,0,1,0,0,0,"nature, photography",90,"marina waterfall. shimla. tourist attraction. nature, photography",0.4615384615384615,0.3401341928026642
ChIJR9GpNOx4BTkRZYawNBg2gMo,"Kali Bari Temple, Shimla",Shimla,"4548+9PV, Mall Rd, Kali Bari, Shimla, Himachal Pradesh 171001, India",India,31.1059884,77.166805,4.6,5345,Tourist attraction,tourist attractions in Shimla,"kali bari temple, shimla",tourist attraction,"kali bari temple, shimla tourist attraction",0,1,1,0,0,0,1,0,"history, culture, religious",60,"kali bari temple, shimla. shimla. tourist attraction. history, culture, religious",0.7692307692307687,0.6310256712251999
ChIJHUu5Cht5BTkRh5mXIGUXKsM,Viceregal Lodge,Shimla,"Rashtrapati Nivas Chaura Maidan Road, Near, Observatory Hill, Boileauganj, Shimla, Himachal Pradesh 171004, India",India,31.1036706,77.1421749,4.6,10033,Tourist attraction,tourist attractions in Shimla,viceregal lodge,tourist attraction,viceregal lodge tourist attraction,0,0,0,0,0,0,0,0,,60,viceregal lodge. shimla. tourist attraction. ,0.7692307692307687,0.6978566263530281
ChIJ1wEpJvR5BTkRMp48AFgSuog,View point shimla,Shimla,"453Q+566, Sanjauli, Shimla, Himachal Pradesh 171006, India",India,31.1029132,77.1880012,4.7,83,Tourist attraction,tourist attractions in Shimla,view point shimla,tourist attraction,view point shimla tourist attraction,0,0,0,0,1,0,0,0,photography,45,view point shimla. shimla. tourist attraction. photography,0.846153846153846,0.19018290420194134
ChIJI-OqO5h4BTkRkSXEITCbdgE,"Shree Hanuman mandir, Jakhu, Shimla",Shimla,"Jakhu Temple Park, Jakhu, Shimla, Himachal Pradesh 171001, India",India,31.1011646,77.1839832,4.8,23871,Tourist attraction,tourist attractions in Shimla,"shree hanuman mandir, jakhu, shimla",tourist attraction,"shree hanuman mandir, jakhu, shimla tourist attraction",0,0,0,0,0,0,0,0,,60,"shree hanuman mandir, jakhu, shimla. shimla. tourist attraction. ",0.9230769230769227,0.7898537060028172
ChIJa-FWp5Z4BTkRNTEP_kXw-Lg,Rani Jhansi Park,Shimla,"453G+8XC, Mall Rd, Lakkar Bazar, Shimla, Himachal Pradesh 171001, India",India,31.1033,77.17739999999999,4.3,1362,Tourist attraction,tourist attractions in Shimla,rani jhansi park,tourist attraction,rani jhansi park tourist attraction,1,0,0,0,0,0,0,1,"nature, family",60,"rani jhansi park. shimla. tourist attraction. nature, family",0.5384615384615381,0.4859640930636523
ChIJa2mW8e54BTkR1Z6Tb6iW1m8,Victory Tunnel,Shimla,"4547+3H2, Circular Road, Bawa Market, Shilli, Shimla, Himachal Pradesh 171001, India",India,31.1051477,77.1638909,4.3,1514,Tourist attraction,tourist attractions in Shimla,victory tunnel,tourist attraction,victory tunnel tourist attraction,0,0,0,0,0,0,0,0,,60,victory tunnel. shimla. tourist attraction. ,0.5384615384615381,0.4971863149618266
ChIJa17E9JN4BTkRkKypAmONZhA,"Christ Church, Shimla",Shimla,"453G+P9F, Ridge To US Club, The Mall, Shimla, Himachal Pradesh 171001, India",India,31.1043145,77.1759177,4.6,22716,Tourist attraction,tourist attractions in Shimla,"christ church, shimla",tourist attraction,"christ church, shimla tourist attraction",0,1,1,0,0,0,1,0,"history, culture, religious",60,"christ church, shimla. shimla. tourist attraction. history, culture, religious",0.7692307692307687,0.7845897850980319
ChIJz5Pf-UKCBTkRq_enVbtEKMM,Shimla Water Catchment Wildlife Sanctuary,Shimla,"NH 22 Charabra Mashobra, Shimla, Himachal Pradesh 171012, India",India,31.1113908,77.2196979,4.4,760,Tourist attraction,tourist attractions in Shimla,shimla water catchment wildlife sanctuary,tourist attraction,shimla water catchment wildlife sanctuary tourist attraction,0,0,0,0,0,0,0,0,,60,shimla water catchment wildlife sanctuary. shimla. tourist attraction. ,0.6153846153846154,0.4241028252184696
ChIJRxuJj0F5BTkRwffoiUy9pSU,Jakhoo Temple Ropeway Station,Shimla,"452M+QCH, Jakhu, Shimla, Himachal Pradesh 171001, India",India,31.1019367,77.18361809999999,4.5,205,Tourist attraction,tourist attractions in Shimla,jakhoo temple ropeway station,tourist attraction,jakhoo temple ropeway station tourist attraction,0,1,1,0,0,0,1,0,"history, culture, religious",60,"jakhoo temple ropeway station. shimla. tourist attraction. history, culture, religious",0.6923076923076921,0.2853995664537373
ChIJ8UgvSeJ4BTkR2dpKGX8M7G4,Himachal State Museum,Shimla,"Museum Road, near Doordarshan Kendra, Chaura Maidan, Shimla, Himachal Pradesh 171004, India",India,31.1033831,77.1508439,4.5,1954,Tourist attraction,tourist attractions in Shimla,himachal state museum,tourist attraction,himachal state museum tourist attraction,0,1,1,0,0,0,0,1,"history, culture, family",120,"himachal state museum. shimla. tourist attraction. history, culture, family",0.6923076923076921,0.5242501257786399
ChIJIaK34ux4BTkR5cOKzkly-F4,Bantony Castle,Shimla,"4549+FV9, Kali Bari Rd, The Mall, Shimla, Himachal Pradesh 171001, India",India,31.1061545,77.1697236,4.2,544,Tourist attraction,tourist attractions in Shimla,bantony castle,tourist attraction,bantony castle tourist attraction,0,0,0,0,0,0,0,0,,60,bantony castle. shimla. tourist attraction. ,0.4615384615384615,0.3886672099920714
ChIJ3w7q4WR4BTkR-_x-0jgqvw8,Shimla Hills,Shimla,"Village And Post Office, Poabo, Shimla, Himachal Pradesh 171007, India",India,31.1299546,77.1813154,4.3,83,Tourist attraction,tourist attractions in Shimla,shimla hills,tourist attraction,shimla hills tourist attraction,1,0,0,0,0,0,0,0,nature,60,shimla hills. shimla. tourist attraction. nature,0.5384615384615381,0.19018290420194134
ChIJmZ8fXKd5BTkReOrdX27ysmQ,Horse Yak Ride spot,Shimla,"Ridge, The Mall, Shimla, Himachal Pradesh 171001, India",India,31.1048001,77.1746678,4.6,23,Tourist attraction,tourist attractions in Shimla,horse yak ride spot,tourist attraction,horse yak ride spot tourist attraction,0,0,0,0,0,0,0,0,,60,horse yak ride spot. shimla. tourist attraction. ,0.7692307692307687,0.057210759381776756
ChIJDb02JgB5BTkROxfQSllkLYY,Simla hill station,Shimla,"453F+W9C, Middle Bazar, The Mall, Shimla, Himachal Pradesh 171001, India",India,31.1048145,77.17340329999999,4.6,13,Tourist attraction,tourist attractions in Shimla,simla hill station,tourist attraction,simla hill station tourist attraction,1,0,0,0,0,0,0,0,nature,60,simla hill station. shimla. tourist attraction. nature,0.7692307692307687,0.0
ChIJeX3m_TB5BTkRBirZzNYfWwc,Green velly shimla,Shimla,"453F+W9C, Middle Bazar, The Mall, Shimla, Himachal Pradesh 171001, India",India,31.1048145,77.17340329999999,4.3,36,Tourist attraction,tourist attractions in Shimla,green velly shimla,tourist attraction,green velly shimla tourist attraction,0,0,0,0,0,0,0,0,,60,green velly shimla. shimla. tourist attraction. ,0.5384615384615381,0.10315629487895028
